{"cameraMode":{"drawMode":0,"name":"Shaded","section":"Shading Mode"},"sceneLighting":true,"audioPlay":false,"sceneViewState":{"m_AlwaysRefresh":false,"showFog":true,"showSkybox":true,"showFlares":true,"showImageEffects":true,"showParticleSystems":true,"showVisualEffectGraphs":true,"m_FxEnabled":true},"in2DMode":false,"pivot":{"x":-0.6179008483886719,"y":0.5962238311767578,"z":0.2316265106201172},"rotation":{"x":-0.08422832936048508,"y":0.8966476917266846,"z":-0.19421792030334474,"w":-0.3888576328754425},"size":9.492101669311524,"orthographic":false}